Prioritaet;Name;Branche;Ort/Adresse;Telefon;Website-Status;Technischer Check 08.10.2026 / Hinweis
A;Blitz Grill;Gastronomie;Lange Str. 45, 31552 Rodenberg;05723 986044;Website kaputt;blitzgrill.de leitet auf Domain-Händler (autoreg.de) weiter - eigene Seite existiert nicht mehr
A;Gasthaus Wille (Hotel & Restaurant);Gastronomie;Hauptstr. 37, 31559 Hohnhorst;05723 81534;Website offline;gasthauswille.de ist nicht mehr auflösbar; Mail über t-online
A;Kunsttischlerei Hans-Manfred Pitters;Handwerk;Im Dorfe 17B, 31542 Bad Nenndorf-Horsten;05723 3540;Website offline;kunsttischlerei-pitters.de nicht mehr auflösbar (war noch http + alte .php-Seiten)
A;Malerfachbetrieb Hintze;Handwerk;Schwefelweg 24, 31542 Bad Nenndorf;05723 7494680;Website kaputt;malerfachbetrieb-hintze.de liefert Serverfehler HTTP 503
A;Donnerbalken (Pizzeria/Kneipe);Gastronomie;Sudewiese 2, 31552 Rodenberg;05723 9807369;keine Website;sehr beliebt (#1 Kneipe Rodenberg, 86 Bewertungen) - nur Portale
A;Taormina Restaurant & Pizzeria;Gastronomie;Rodenberger Allee 9, 31542 Bad Nenndorf;05723 9085471;keine Website;nur Speisekarten-Portale
A;Cafeteria & Restaurant Zur Badeklause;Gastronomie;Bahnhofstr. 77, 31542 Bad Nenndorf;05723 9009422;keine Website;2024 unter neuer Leitung wiedereröffnet
A;Gelateria Andria;Gastronomie;Kurhausstr. 4b, 31542 Bad Nenndorf;05723 916000;keine Website;Toplage am Kurpark
A;Krug zum grünen Kranze;Gastronomie;Nordbrucher Str. 12, 31559 Hohnhorst;05723 81129;keine Website;Telefonnummer in Verzeichnissen uneinheitlich (auch 05723 7879525)
A;Reifen Reichelt (Ralf Klusmann);Kfz/Handel;Agnes-Miegel-Platz 2, 31542 Bad Nenndorf;05723 3173;keine Website;Reifenhandel + SB-Waschanlage
A;ADAM Elektro (Margitta Adam);Handwerk;Grover Str. 45, 31552 Rodenberg;05723 6211;keine Website;nur Branchenbücher
A;Petra Frömberg Malermeisterin;Handwerk;Dorfstr. 4, 31542 Bad Nenndorf;05723 2792;keine Website;nur web.de-Mail, Ausbildungsbetrieb
A;Tischlerei Karl-Heinz Bruns;Handwerk;Am Rundteil 8, 31867 Lauenau;05043 2412;keine Website;Innungs-Fachbetrieb, nur t-online-Mail
A;Thorsten Wehrhahn Malermeister;Handwerk;Deisterstr. 26, 31867 Lauenau-Feggendorf;05043 2525;keine Website;nur t-online-Mail
A;Beauty and Nails by Bianca;Dienstleister;Hauptstr. 13, 31542 Bad Nenndorf;05723 5978;keine Website;nur Buchungsportale
A;Fahrschule Läufer;Dienstleister;Rotrehre 24, 31542 Bad Nenndorf;0177 6141243;keine Website;nur Fahrschul-Portale
A;Friseur einfach anders (Anke Heidenreich);Dienstleister;Tor 4, 31552 Rodenberg;05723 749655;keine Website;nur Branchenbücher
A;Cosmic Hair (Martina Schlenz);Dienstleister;Hauptstr. 27, 31559 Haste;05723 982099;keine Website;nur Branchenbücher
A;Friseur-Salon HaarKlein (Ramona Pruschinski);Dienstleister;Hauptstr. 18, 31559 Haste;05723 9898106;keine Website;nur Branchenbücher
B;Zimmermann Heizung & Sanitär;Handwerk;Hauptstr. 38, 31559 Haste;05723 81077;Website nicht erreichbar;zimmermann-haste.de antwortete im Test nicht (Timeout, 2 Versuche) - im Browser gegenprüfen
B;Stielsache (Floristik);Einzelhandel;Hauptstr. 21, 31542 Bad Nenndorf;05723 9088959;Website nicht erreichbar;stielsache.de antwortete im Test nicht (Timeout) - gegenprüfen
B;Gasthaus Homberg;Gastronomie/Pension;Hauptstr. 18, 31867 Pohle;05043 2212;Website nicht erreichbar;gasthaus-homberg.de antwortete im Test nicht (Timeout) - gegenprüfen
B;Ratskeller Rodenberg;Gastronomie;Lange Str. 42, 31552 Rodenberg;05723 7869860;Website blockiert;ratskeller-rodenberg.de liefert HTTP 403 (kann auch Bot-Schutz sein) - gegenprüfen
B;Borchers - Lesen & Schenken;Einzelhandel;Hauptstr. 28, 31542 Bad Nenndorf;05723 7980280;keine eigene Website;borchers-buch.de leitet nur auf Standard-Shopseite bei genialokal weiter
B;Ihr Mobiler Tischlermeister;Handwerk;Lange Str. 15, 31552 Rodenberg;05723 7980135;nur fremde/dünne Seite;verweist auf budak-fenster.de (Planungsbüro-Seite, ca. 95 Wörter, keine Meta-Beschreibung)
B;Kosmetik- & Fußpflege-Institut H. Heykes;Dienstleister;Rodenberger Allee 1, 31542 Bad Nenndorf;05723 6866;nur Herstellerprofil (BABOR);Mail heykes@online.de
B;Ralf Dreyer Profi-Handwerker-Service;Handwerk;Bornstr. 2, 31542 Bad Nenndorf;0171 9264819;keine Website;nur Mobilnummer im Verzeichnis
B;Gaststätte Zum Dorfkrug;Gastronomie;Ohndorfer Str. 4, 31559 Hohnhorst;05723 82422;keine Website;wenig Online-Präsenz - Betrieb vorher prüfen
B;Café Mama Frieda;Gastronomie;Kurhausstr. 3, 31542 Bad Nenndorf;05723 9584146;keine Website;teils als geschlossen gelistet - vorher prüfen
C;Brillen Rasche;Einzelhandel;Kurhausstr. 7, 31542 Bad Nenndorf;05723 2432;Website mit Mängeln;Mixed Content (http-Dateien auf https-Seite), SEO-Score 79,5/100
C;Mai - Mode für Männer;Einzelhandel;Hauptstr. 11, 31542 Bad Nenndorf;05031 912010;Website mit Mängeln;mai-mode.de: SEO-Score 64/100, keine H1, keine Meta-Beschreibungen, doppelte Titel
C;Kraftfahrzeug-Service-Center;Kfz;Rodenberger Allee 19, 31542 Bad Nenndorf;05723 799724;Website mit Mängeln;ksc-bad-nenndorf.de: Mixed Content, SEO-Score 86/100
