Prioritaet;Name;Branche;Adresse;Telefon;Website-Status;Hinweis
A;Restaurant Achilles (Antonios Nikolaidis);Gastronomie;Höfestr. 38a, 30163 Hannover-List;siehe Gelbe Seiten;keine eigene Website;großes Lokal (90 Plätze + 70 Terrasse, 40 Jahre Tradition) - nur Lieferando & Portale
A;Gaststätte Lorberg;Gastronomie;Pavillonstr. 12, 30451 Hannover-Linden-Nord;0511 2106867;keine eigene Website;traditionelle Gaststätte, gute Bewertungen
A;Gilde Stübchen;Gastronomie;Kötnerholzweg 39, 30451 Hannover-Linden-Nord;0511 98599501;keine eigene Website;Lindener Traditionskneipe (~40 Jahre)
A;Gaststätte Zur Mitte;Gastronomie;Anderter Str. 44, 30629 Hannover-Misburg-Nord;0511 5361150;keine eigene Website;Gaststätte/Dartbar, mobil 0177 7158009
A;Schlüsseldienst Südstadt;Dienstleister;Marienstr. 71, 30171 Hannover-Südstadt;0511 285980;keine eigene Website;Schlüssel + Schuhreparatur + Sicherheitstechnik, 24h-Service
A;Schuhmachermeister Bernward Einert;Handwerk;Drostestr. 6, 30161 Hannover-List;0511 426283;keine eigene Website;klassische Schuhmacherwerkstatt
A;Elektro Boxhorn GmbH;Handwerk;Ricklinger Stadtweg 39, 30459 Hannover-Ricklingen;0511 421464;keine eigene Website;GmbH (Nachfolger Elektro-Zwingmann) - Netzwerk-, Sicherheitstechnik, Torantriebe
A;Dirk Stadali Gas- & Wasserinstallateurmeister;Handwerk;Schmiedeberg 3, 30659 Hannover-Bothfeld;0511 648044;keine eigene Website;Kontakt nur über arcor.de-Mail, breites SHK-Angebot inkl. Solar
A;Valentin Sokolow Maler- und Lackierermeister;Handwerk;Sahlkamp 135, 30179 Hannover;0511 602648;keine eigene Website;nur Branchenbücher/Yelp
A;Blumenatelier Danuta Potempa;Einzelhandel;Abelmannstr. 1A, 30519 Hannover-Döhren;0511 8387339;keine eigene Website;auch sonntags geöffnet
A;Fußpflege Barfuß (Dorota Klaus);Dienstleister;Stenhusenstr. 3, 30625 Hannover-Kleefeld;0511 56363316;keine eigene Website;nur Branchenbücher
B;Gaststätte Old Station Danzer;Gastronomie;Albrechtstr. 30, 30627 Hannover-Misburg;0511 2038324;keine eigene Website;Einträge teils veraltet (Stand 2023) - Betrieb vorher prüfen
C;Kosmetikstudio Ferrie;Dienstleister;Kirchröder Str. 87, 30625 Hannover-Kleefeld;0511 5333472;evtl. veraltet;ferrie.de in der Suche nur über http (ohne HTTPS) gefunden - prüfen
C;Tischlerei Andreas Marwede;Handwerk;Kreipeweg 3, 30459 Hannover-Ricklingen;0511 421408;evtl. veraltet;Website vorhanden, aber Kontakt-Mail über gmx.net - prüfen
